,name,class,subclass
0,小麦粉(标准粉),：谷类及制品,：小麦
1,小麦粉(富强粉，特一粉),：谷类及制品,：小麦
2,挂面(均值),：谷类及制品,：小麦
3,挂面(标准粉),：谷类及制品,：小麦
4,挂面(富强粉),：谷类及制品,：小麦
5,面条(均值),：谷类及制品,：小麦
6,面条(标准粉，切面),：谷类及制品,：小麦
7,面条(富强粉，切面),：谷类及制品,：小麦
8,面条(干切面),：谷类及制品,：小麦
9,通心面[通心粉],：谷类及制品,：小麦
10,花卷,：谷类及制品,：小麦
11,空锅饼,：谷类及制品,：小麦
12,烙饼(标准粉),：谷类及制品,：小麦
13,馒头(均值),：谷类及制品,：小麦
14,馒头(标准粉),：谷类及制品,：小麦
15,馒头(富强粉),：谷类及制品,：小麦
16,烧饼(加糖),：谷类及制品,：小麦
17,油饼,：谷类及制品,：小麦
18,油条,：谷类及制品,：小麦
19,水面筋,：谷类及制品,：小麦
20,油面筋,：谷类及制品,：小麦
21,稻米(均值),：谷类及制品,：稻米
22,粳米(标一),：谷类及制品,：稻米
23,籼米(标准)[机米],：谷类及制品,：稻米
24,香大米,：谷类及制品,：稻米
25,籼米,：谷类及制品,：稻米
26,糯米[江米](均值),：谷类及制品,：稻米
27,紫红糯米[血糯米],：谷类及制品,：稻米
28,米饭(蒸)(均值),：谷类及制品,：稻米
29,粳米粥,：谷类及制品,：稻米
30,籼米粉[排米粉],：谷类及制品,：稻米
31,籼米粉(干，细),：谷类及制品,：稻米
32,籼米粥,：谷类及制品,：稻米
33,玉米(鲜),：谷类及制品,：玉米
34,玉米(白，干),：谷类及制品,：玉米
35,玉米(黄，干),：谷类及制品,：玉米
36,玉米面(白),：谷类及制品,：玉米
37,玉米面(黄),：谷类及制品,：玉米
38,玉米糁(黄),：谷类及制品,：玉米
39,玉米笋(罐头),：谷类及制品,：玉米
40,大麦[元麦],：谷类及制品,：大麦
41,青稞,：谷类及制品,：大麦
42,小米,：谷类及制品,：小米、黄米
43,小米面,：谷类及制品,：小米、黄米
44,小米粥,：谷类及制品,：小米、黄米
45,大黄米[黍子],：谷类及制品,：小米、黄米
46,黄米,：谷类及制品,：小米、黄米
47,高粱米,：谷类及制品,：其它
48,糜子(带皮),：谷类及制品,：其它
49,苦荞麦粉,：谷类及制品,：其它
50,荞麦,：谷类及制品,：其它
51,莜麦面,：谷类及制品,：其它
52,薏米[薏仁米，苡米],：谷类及制品,：其它
53,薏米面,：谷类及制品,：其它
54,马铃薯[土豆，洋芋],：薯类、淀粉及制品,：薯类
55,马铃薯粉,：薯类、淀粉及制品,：薯类
56,甘薯(白心)[红皮山芋],：薯类、淀粉及制品,：薯类
57,甘薯(红心)[山芋，红薯],：薯类、淀粉及制品,：薯类
58,甘薯片[白薯干],：薯类、淀粉及制品,：薯类
59,甘薯粉[地瓜粉],：薯类、淀粉及制品,：薯类
60,木薯,：薯类、淀粉及制品,：薯类
61,玉米淀粉,：薯类、淀粉及制品,：淀粉类
62,团粉[芡粉],：薯类、淀粉及制品,：淀粉类
63,藕粉,：薯类、淀粉及制品,：淀粉类
64,魔芋精粉[鬼芋粉，南星粉],：薯类、淀粉及制品,：淀粉类
65,粉丝,：薯类、淀粉及制品,：淀粉类
66,粉条,：薯类、淀粉及制品,：淀粉类
67,黄豆[大豆],：干豆类及制品,：大豆
68,黑豆[黑大豆](干),：干豆类及制品,：大豆
69,青豆[青大豆](干),：干豆类及制品,：大豆
70,黄豆粉,：干豆类及制品,：大豆
71,豆腐花[豆腐粉],：干豆类及制品,：大豆
72,豆浆粉,：干豆类及制品,：大豆
73,豆粕,：干豆类及制品,：大豆
74,豆腐(均值),：干豆类及制品,：大豆
75,豆腐(北),：干豆类及制品,：大豆
76,豆腐(南)[南豆腐],：干豆类及制品,：大豆
77,豆腐(内酯),：干豆类及制品,：大豆
78,豆腐脑[老豆腐],：干豆类及制品,：大豆
79,豆浆,：干豆类及制品,：大豆
80,豆奶[豆乳],：干豆类及制品,：大豆
81,豆汁(生),：干豆类及制品,：大豆
82,豆腐丝,：干豆类及制品,：大豆
83,豆腐皮,：干豆类及制品,：大豆
84,油豆腐,：干豆类及制品,：大豆
85,腐竹,：干豆类及制品,：大豆
86,千张[百页],：干豆类及制品,：大豆
87,豆腐干(均值),：干豆类及制品,：大豆
88,素鸡,：干豆类及制品,：大豆
89,素什锦,：干豆类及制品,：大豆
90,烤麸,：干豆类及制品,：大豆
91,绿豆(干),：干豆类及制品,：绿豆
92,赤小豆[小豆，红小豆](干),：干豆类及制品,：赤豆
93,小豆粥,：干豆类及制品,：赤豆
94,豆沙,：干豆类及制品,：赤豆
95,红豆沙,：干豆类及制品,：赤豆
96,红豆馅,：干豆类及制品,：赤豆
97,花豆(干，红),：干豆类及制品,：芸豆
98,花豆(干，紫),：干豆类及制品,：芸豆
99,芸豆(干，白),：干豆类及制品,：芸豆
100,芸豆(干，红),：干豆类及制品,：芸豆
101,芸豆(干，虎皮),：干豆类及制品,：芸豆
102,芸豆(干，杂，带皮),：干豆类及制品,：芸豆
103,蚕豆(带皮),：干豆类及制品,：蚕豆
104,蚕豆(去皮),：干豆类及制品,：蚕豆
105,扁豆(干),：干豆类及制品,：其它
106,扁豆(干，白),：干豆类及制品,：其它
107,眉豆[饭豇豆](干),：干豆类及制品,：其它
108,豇豆(干),：干豆类及制品,：其它
109,豌豆(干),：干豆类及制品,：其它
110,鹰嘴豆[桃豆],：干豆类及制品,：其它
111,荆豆(干),：干豆类及制品,：其它
112,白萝卜[莱菔](鲜),：蔬菜类及制品,：根菜类
113,变萝卜[红皮萝卜],：蔬菜类及制品,：根菜类
114,红旦旦萝卜,：蔬菜类及制品,：根菜类
115,红萝卜,：蔬菜类及制品,：根菜类
116,红心萝卜,：蔬菜类及制品,：根菜类
117,青萝卜,：蔬菜类及制品,：根菜类
118,水萝卜[脆萝卜],：蔬菜类及制品,：根菜类
119,小水萝卜[算盘子，红皮萝卜],：蔬菜类及制品,：根菜类
120,心里美萝卜,：蔬菜类及制品,：根菜类
121,胡萝卜(红)[金笋，丁香萝卜],：蔬菜类及制品,：根菜类
122,胡萝卜(黄),：蔬菜类及制品,：根菜类
123,芥菜头[大头菜，水芥],：蔬菜类及制品,：根菜类
124,苤蓝[玉蔓菁，球茎甘蓝],：蔬菜类及制品,：根菜类
125,甜菜根[甜菜头，糖萝卜](鲜),：蔬菜类及制品,：根菜类
126,扁豆[月亮菜],：蔬菜类及制品,：鲜豆类
127,刀豆(鲜),：蔬菜类及制品,：鲜豆类
128,豆角,：蔬菜类及制品,：鲜豆类
129,"豆角(鲜,白)",：蔬菜类及制品,：鲜豆类
130,荷兰豆,：蔬菜类及制品,：鲜豆类
131,龙豆(鲜),：蔬菜类及制品,：鲜豆类
132,毛豆[青豆，菜用大豆](鲜),：蔬菜类及制品,：鲜豆类
133,四季豆[菜豆],：蔬菜类及制品,：鲜豆类
134,"豌豆(带荚,鲜)[回回豆]",：蔬菜类及制品,：鲜豆类
135,豌豆尖,：蔬菜类及制品,：鲜豆类
136,油豆角[多花菜豆](鲜),：蔬菜类及制品,：鲜豆类
137,芸豆(鲜),：蔬菜类及制品,：鲜豆类
138,豇豆,：蔬菜类及制品,：鲜豆类
139,豇豆(长),：蔬菜类及制品,：鲜豆类
140,黄豆芽,：蔬菜类及制品,：鲜豆类
141,绿豆芽,：蔬菜类及制品,：鲜豆类
142,豌豆苗,：蔬菜类及制品,：鲜豆类
143,茄子(均值),：蔬菜类及制品,：茄果、瓜菜类
144,茄子(圆),：蔬菜类及制品,：茄果、瓜菜类
145,茄子(紫皮，长),：蔬菜类及制品,：茄果、瓜菜类
146,番茄[西红柿],：蔬菜类及制品,：茄果、瓜菜类
147,奶柿子[西红柿],：蔬菜类及制品,：茄果、瓜菜类
148,辣椒(红，尖，干),：蔬菜类及制品,：茄果、瓜菜类
149,辣椒(红，小),：蔬菜类及制品,：茄果、瓜菜类
150,辣椒(青，尖),：蔬菜类及制品,：茄果、瓜菜类
151,甜椒[灯笼椒，柿子椒],：蔬菜类及制品,：茄果、瓜菜类
152,葫子,：蔬菜类及制品,：茄果、瓜菜类
153,秋葵[黄秋葵，羊角豆],：蔬菜类及制品,：茄果、瓜菜类
154,樱桃番茄[小西红柿],：蔬菜类及制品,：茄果、瓜菜类
155,甜椒[灯笼椒、柿子椒],：蔬菜类及制品,：茄果、瓜菜类
156,彩椒,：蔬菜类及制品,：茄果、瓜菜类
157,秋葵[黄秋葵、羊角豆],：蔬菜类及制品,：茄果、瓜菜类
158,白瓜,：蔬菜类及制品,：茄果、瓜菜类
159,菜瓜[生瓜，白瓜],：蔬菜类及制品,：茄果、瓜菜类
160,冬瓜,：蔬菜类及制品,：茄果、瓜菜类
161,佛手瓜[棒瓜，菜肴梨],：蔬菜类及制品,：茄果、瓜菜类
162,葫芦[长瓜，蒲瓜，瓠瓜],：蔬菜类及制品,：茄果、瓜菜类
163,黄瓜[胡瓜](鲜),：蔬菜类及制品,：茄果、瓜菜类
164,节瓜[毛瓜],：蔬菜类及制品,：茄果、瓜菜类
165,金瓜,：蔬菜类及制品,：茄果、瓜菜类
166,苦瓜[凉瓜，癞瓜](鲜),：蔬菜类及制品,：茄果、瓜菜类
167,南瓜[倭瓜，番瓜](鲜),：蔬菜类及制品,：茄果、瓜菜类
168,南瓜粉,：蔬菜类及制品,：茄果、瓜菜类
169,蛇瓜[蛇豆，大豆角],：蔬菜类及制品,：茄果、瓜菜类
170,丝瓜,：蔬菜类及制品,：茄果、瓜菜类
171,笋瓜[生瓜],：蔬菜类及制品,：茄果、瓜菜类
172,西葫芦,：蔬菜类及制品,：茄果、瓜菜类
173,飞碟瓜,：蔬菜类及制品,：茄果、瓜菜类
174,黄茎瓜,：蔬菜类及制品,：茄果、瓜菜类
175,秋黄瓜[旱黄瓜],：蔬菜类及制品,：茄果、瓜菜类
176,南瓜(栗面),：蔬菜类及制品,：茄果、瓜菜类
177,大蒜[蒜头](鲜),：蔬菜类及制品,：葱蒜类
178,青蒜,：蔬菜类及制品,：葱蒜类
179,蒜黄,：蔬菜类及制品,：葱蒜类
180,蒜苗,：蔬菜类及制品,：葱蒜类
181,蒜苔,：蔬菜类及制品,：葱蒜类
182,大葱,：蔬菜类及制品,：葱蒜类
183,细香葱[香葱，四季葱],：蔬菜类及制品,：葱蒜类
184,"葱(小葱,鲜)",：蔬菜类及制品,：葱蒜类
185,洋葱[葱头](鲜),：蔬菜类及制品,：葱蒜类
186,韭菜,：蔬菜类及制品,：葱蒜类
187,韭黄[韭芽],：蔬菜类及制品,：葱蒜类
188,韭苔,：蔬菜类及制品,：葱蒜类
189,薤[皎头](鲜),：蔬菜类及制品,：葱蒜类
190,薤白[小根蒜，山蒜，团蒜](鲜),：蔬菜类及制品,：葱蒜类
191,大白菜(均值),：蔬菜类及制品,：嫩茎、叶、花菜类
192,酸白菜[酸菜],：蔬菜类及制品,：嫩茎、叶、花菜类
193,小白菜,：蔬菜类及制品,：嫩茎、叶、花菜类
194,白菜薹[菜薹，菜心],：蔬菜类及制品,：嫩茎、叶、花菜类
195,红菜薹[紫菜薹],：蔬菜类及制品,：嫩茎、叶、花菜类
196,瓢儿白[瓢儿菜],：蔬菜类及制品,：嫩茎、叶、花菜类
197,乌菜[乌塌菜，塌棵菜],：蔬菜类及制品,：嫩茎、叶、花菜类
198,油菜,：蔬菜类及制品,：嫩茎、叶、花菜类
199,油菜薹[菜薹],：蔬菜类及制品,：嫩茎、叶、花菜类
200,奶白菜,：蔬菜类及制品,：嫩茎、叶、花菜类
201,鸡毛菜,：蔬菜类及制品,：嫩茎、叶、花菜类
202,娃娃菜,：蔬菜类及制品,：嫩茎、叶、花菜类
203,乌塌菜[塌菜、塌棵菜],：蔬菜类及制品,：嫩茎、叶、花菜类
204,甘蓝[圆白菜，卷心菜],：蔬菜类及制品,：嫩茎、叶、花菜类
205,菜花[花椰菜],：蔬菜类及制品,：嫩茎、叶、花菜类
206,西兰花[绿菜花],：蔬菜类及制品,：嫩茎、叶、花菜类
207,芥菜[雪里红，雪菜](鲜),：蔬菜类及制品,：嫩茎、叶、花菜类
208,芥菜(大叶，鲜)[盖菜],：蔬菜类及制品,：嫩茎、叶、花菜类
209,芥蓝[甘蓝菜，盖蓝菜],：蔬菜类及制品,：嫩茎、叶、花菜类
210,结球甘蓝(紫),：蔬菜类及制品,：嫩茎、叶、花菜类
211,抱子甘蓝,：蔬菜类及制品,：嫩茎、叶、花菜类
212,羽衣甘蓝,：蔬菜类及制品,：嫩茎、叶、花菜类
213,盖菜,：蔬菜类及制品,：嫩茎、叶、花菜类
214,菠菜[赤根菜](鲜),：蔬菜类及制品,：嫩茎、叶、花菜类
215,冬寒菜[冬苋菜，冬葵](鲜),：蔬菜类及制品,：嫩茎、叶、花菜类
216,观达菜[根达菜，牛皮菜],：蔬菜类及制品,：嫩茎、叶、花菜类
217,胡萝卜缨(红，鲜),：蔬菜类及制品,：嫩茎、叶、花菜类
218,苦菜[节节花，拒马菜],：蔬菜类及制品,：嫩茎、叶、花菜类
219,萝卜缨(小萝卜),：蔬菜类及制品,：嫩茎、叶、花菜类
220,芹菜(白茎)[旱芹，药芹],：蔬菜类及制品,：嫩茎、叶、花菜类
221,芹菜茎,：蔬菜类及制品,：嫩茎、叶、花菜类
222,芹菜叶(鲜),：蔬菜类及制品,：嫩茎、叶、花菜类
223,生菜(牛俐)[油麦菜],：蔬菜类及制品,：嫩茎、叶、花菜类
224,生菜(叶用莴苣),：蔬菜类及制品,：嫩茎、叶、花菜类
225,甜菜叶(鲜),：蔬菜类及制品,：嫩茎、叶、花菜类
226,香菜[芫荽](鲜),：蔬菜类及制品,：嫩茎、叶、花菜类
227,苋菜(绿，鲜),：蔬菜类及制品,：嫩茎、叶、花菜类
228,"苋菜(紫,鲜)[红苋]",：蔬菜类及制品,：嫩茎、叶、花菜类
229,茼蒿[蓬蒿菜，艾菜](鲜),：蔬菜类及制品,：嫩茎、叶、花菜类
230,茴香[小茴香](鲜),：蔬菜类及制品,：嫩茎、叶、花菜类
231,荠菜[蓟菜，菱角菜](鲜),：蔬菜类及制品,：嫩茎、叶、花菜类
232,莴笋[莴苣](鲜),：蔬菜类及制品,：嫩茎、叶、花菜类
233,莴笋叶[莴苣叶],：蔬菜类及制品,：嫩茎、叶、花菜类
234,蕹菜[空心菜，藤藤菜],：蔬菜类及制品,：嫩茎、叶、花菜类
235,番杏[新西兰菠菜、夏菠菜],：蔬菜类及制品,：嫩茎、叶、花菜类
236,樱桃萝卜缨,：蔬菜类及制品,：嫩茎、叶、花菜类
237,白凤菜,：蔬菜类及制品,：嫩茎、叶、花菜类
238,紫背天葵[红风菜、血皮菜],：蔬菜类及制品,：嫩茎、叶、花菜类
239,观达菜[根达菜、牛皮菜],：蔬菜类及制品,：嫩茎、叶、花菜类
240,竹笋(鲜),：蔬菜类及制品,：嫩茎、叶、花菜类
241,白笋(干),：蔬菜类及制品,：嫩茎、叶、花菜类
242,春笋(鲜),：蔬菜类及制品,：嫩茎、叶、花菜类
243,冬笋(鲜),：蔬菜类及制品,：嫩茎、叶、花菜类
244,黑笋(干),：蔬菜类及制品,：嫩茎、叶、花菜类
245,毛笋[毛竹笋](鲜),：蔬菜类及制品,：嫩茎、叶、花菜类
246,玉兰片,：蔬菜类及制品,：嫩茎、叶、花菜类
247,百合(鲜),：蔬菜类及制品,：嫩茎、叶、花菜类
248,百合(干),：蔬菜类及制品,：嫩茎、叶、花菜类
249,金针菜[黄花菜](鲜),：蔬菜类及制品,：嫩茎、叶、花菜类
250,菊苣,：蔬菜类及制品,：嫩茎、叶、花菜类
251,芦笋[石刁柏，龙须菜],：蔬菜类及制品,：嫩茎、叶、花菜类
252,结球菊苣,：蔬菜类及制品,：嫩茎、叶、花菜类
253,软化白菊苣,：蔬菜类及制品,：嫩茎、叶、花菜类
254,慈菇[乌芋，白地果](鲜),：蔬菜类及制品,：水生蔬菜类
255,豆瓣菜[西洋菜，水田芥](鲜),：蔬菜类及制品,：水生蔬菜类
256,"菱角(老,鲜)[龙角]",：蔬菜类及制品,：水生蔬菜类
257,藕[莲藕],：蔬菜类及制品,：水生蔬菜类
258,蒲菜[香蒲，甘蒲，野茭白](鲜),：蔬菜类及制品,：水生蔬菜类
259,水芹菜,：蔬菜类及制品,：水生蔬菜类
260,茭白[茭笋，茭粑](鲜),：蔬菜类及制品,：水生蔬菜类
261,荸荠[马蹄，地栗](鲜),：蔬菜类及制品,：水生蔬菜类
262,莼菜(瓶装)[花案菜],：蔬菜类及制品,：水生蔬菜类
263,大薯[参薯](鲜),：蔬菜类及制品,：薯芋类
264,豆薯[凉薯，地瓜，沙葛](鲜),：蔬菜类及制品,：薯芋类
265,葛[葛署，粉葛](鲜),：蔬菜类及制品,：薯芋类
266,山药[薯蓣，大薯](鲜),：蔬菜类及制品,：薯芋类
267,芋头[芋艿，毛芋],：蔬菜类及制品,：薯芋类
268,槟榔芋(鲜),：蔬菜类及制品,：薯芋类
269,姜[黄姜](鲜),：蔬菜类及制品,：薯芋类
270,姜(干),：蔬菜类及制品,：薯芋类
271,姜(子姜，鲜)[嫩姜],：蔬菜类及制品,：薯芋类
272,洋姜[菊芋，鬼子姜](鲜),：蔬菜类及制品,：薯芋类
273,艾蒿,：蔬菜类及制品,：野生蔬菜类
274,白花菜,：蔬菜类及制品,：野生蔬菜类
275,白花桔梗,：蔬菜类及制品,：野生蔬菜类
276,白沙蒿[沙蒿](鲜),：蔬菜类及制品,：野生蔬菜类
277,白薯叶[甘薯叶](鲜),：蔬菜类及制品,：野生蔬菜类
278,百里香(鲜),：蔬菜类及制品,：野生蔬菜类
279,败酱[胭脂麻](鲜),：蔬菜类及制品,：野生蔬菜类
280,扁蓄菜[竹节草](鲜),：蔬菜类及制品,：野生蔬菜类
281,朝鲜蓟(鲜),：蔬菜类及制品,：野生蔬菜类
282,刺儿菜[小蓟，蓟蓟菜](鲜),：蔬菜类及制品,：野生蔬菜类
283,刺楸(鲜),：蔬菜类及制品,：野生蔬菜类
284,达乌里胡枝子[牛枝子，豆豆苗](鲜),：蔬菜类及制品,：野生蔬菜类
285,大玻璃草叶[大车前](鲜),：蔬菜类及制品,：野生蔬菜类
286,大巢菜[野苕子，野豌豆](鲜),：蔬菜类及制品,：野生蔬菜类
287,大蓟叶[飞廉叶](鲜),：蔬菜类及制品,：野生蔬菜类
288,地肤[益明，扫帚苗](鲜),：蔬菜类及制品,：野生蔬菜类
289,地笋[地古牛，地瓜儿苗叶](鲜),：蔬菜类及制品,：野生蔬菜类
290,豆腐柴(鲜),：蔬菜类及制品,：野生蔬菜类
291,独行菜(鲜),：蔬菜类及制品,：野生蔬菜类
292,番杏[夏菠菜，新西兰菠菜],：蔬菜类及制品,：野生蔬菜类
293,槐花[洋槐花，豆槐花](鲜),：蔬菜类及制品,：野生蔬菜类
294,苦苦菜(鲜),：蔬菜类及制品,：野生蔬菜类
295,马齿苋[长寿菜，瓜子菜](鲜),：蔬菜类及制品,：野生蔬菜类
296,马兰头[马兰，鸡儿肠，路边菊](鲜),：蔬菜类及制品,：野生蔬菜类
297,牛至,：蔬菜类及制品,：野生蔬菜类
298,牛蒡叶(鲜),：蔬菜类及制品,：野生蔬菜类
299,球茎茴香,：蔬菜类及制品,：野生蔬菜类
300,汤菜(鲜),：蔬菜类及制品,：野生蔬菜类
301,夏枯草[铁色草](鲜),：蔬菜类及制品,：野生蔬菜类
302,香椿[香椿芽](鲜),：蔬菜类及制品,：野生蔬菜类
303,榆钱(鲜),：蔬菜类及制品,：野生蔬菜类
304,苣荬菜(尖叶)[取荬菜，苦麻子],：蔬菜类及制品,：野生蔬菜类
305,苜蓿[草头，金花菜],：蔬菜类及制品,：野生蔬菜类
306,荞菜[野荞](鲜),：蔬菜类及制品,：野生蔬菜类
307,蕨菜[龙头菜，如意菜](鲜),：蔬菜类及制品,：野生蔬菜类
308,枸杞菜[枸杞，地骨](鲜),：蔬菜类及制品,：野生蔬菜类
309,酢浆草[酸酸草，酸溜溜](鲜),：蔬菜类及制品,：野生蔬菜类
310,鱼腥草(叶)[蕺菜、臭菜],：蔬菜类及制品,：野生蔬菜类
311,鱼腥草(根),：蔬菜类及制品,：野生蔬菜类
312,草菇[大黑头细花草],：菌藻类,：菌类
313,大红菇(干)[草质红菇],：菌藻类,：菌类
314,冬菇(干)[毛柄金线菌],：菌藻类,：菌类
315,黄蘑(干),：菌藻类,：菌类
316,金针菇[智力菇](鲜),：菌藻类,：菌类
317,口蘑(白蘑),：菌藻类,：菌类
318,蘑菇(鲜蘑),：菌藻类,：菌类
319,蘑菇(干),：菌藻类,：菌类
320,木耳(干)[黑木耳，云耳],：菌藻类,：菌类
321,木耳(水发)[黑木耳，云耳],：菌藻类,：菌类
322,平菇[糙皮侧耳，青蘑],：菌藻类,：菌类
323,普中红蘑(干),：菌藻类,：菌类
324,松蘑(干)[松口蘑，松茸],：菌藻类,：菌类
325,香菇[香蕈，冬菇](鲜),：菌藻类,：菌类
326,香菇(干)[香蕈，冬菇],：菌藻类,：菌类
327,羊肚菌[干狼肚](干),：菌藻类,：菌类
328,银耳(干)[白木耳],：菌藻类,：菌类
329,珍珠白蘑(干),：菌藻类,：菌类
330,榛蘑(干)[假蜜环菌],：菌藻类,：菌类
331,榛蘑(水发),：菌藻类,：菌类
332,茶树菇(干)[柱状田头菇、油茶菇],：菌藻类,：菌类
333,黄伞菇(干)[多脂鳞伞、黄丝菌],：菌藻类,：菌类
334,鸡腿菇(干)[毛头鬼伞],：菌藻类,：菌类
335,鸡枞(干),：菌藻类,：菌类
336,鸡枞(油炸)[油鸡枞],：菌藻类,：菌类
337,牛肝菌(白)[美味牛肝菌],：菌藻类,：菌类
338,牛肝菌(白、干)[美味牛肝菌],：菌藻类,：菌类
339,牛肝菌(黑)[铜色牛肝菌],：菌藻类,：菌类
340,牛肝菌（黄皮牛肝菌，鲜)[黄皮疣柄牛肝菌、黄癞头],：菌藻类,：菌类
341,乳牛肝菌(干)[粘盖牛肝菌、松树菌],：菌藻类,：菌类
342,青头菌[变绿红菇、绿菇],：菌藻类,：菌类
343,杏鲍菇,：菌藻类,：菌类
344,竹荪(干)[竹笙、竹参],：菌藻类,：菌类
345,发菜(干)[仙菜],：菌藻类,：藻类
346,海带[江白菜](鲜),：菌藻类,：藻类
347,海带(干)[江白菜，昆布],：菌藻类,：藻类
348,海带(浸)[江白菜，昆布],：菌藻类,：藻类
349,海冻菜[石花菜，冻菜](干),：菌藻类,：藻类
350,琼脂[紫菜胶洋粉],：菌藻类,：藻类
351,苔菜(干)[苔条，条浒苔],：菌藻类,：藻类
352,紫菜(干),：菌藻类,：藻类
353,裙带菜(干)[海芥菜、海木耳],：菌藻类,：藻类
354,苹果(均值),：水果类及制品,：仁果类
355,苹果（国光苹果）,：水果类及制品,：仁果类
356,苹果（红富士苹果),：水果类及制品,：仁果类
357,红香蕉苹果,：水果类及制品,：仁果类
358,红星苹果,：水果类及制品,：仁果类
359,红玉苹果,：水果类及制品,：仁果类
360,红元帅苹果,：水果类及制品,：仁果类
361,苹果（黄香蕉苹果),：水果类及制品,：仁果类
362,苹果（黄元帅苹果),：水果类及制品,：仁果类
363,金元帅苹果,：水果类及制品,：仁果类
364,青香蕉苹果,：水果类及制品,：仁果类
365,秋里蒙苹果,：水果类及制品,：仁果类
366,香玉苹果,：水果类及制品,：仁果类
367,印度苹果,：水果类及制品,：仁果类
368,祝光苹果,：水果类及制品,：仁果类
369,倭锦苹果,：水果类及制品,：仁果类
370,苹果(罐头),：水果类及制品,：仁果类
371,梨(均值),：水果类及制品,：仁果类
372,长把梨,：水果类及制品,：仁果类
373,冬果梨,：水果类及制品,：仁果类
374,鹅黄梨,：水果类及制品,：仁果类
375,红肖梨,：水果类及制品,：仁果类
376,锦丰梨,：水果类及制品,：仁果类
377,梨(京白梨),：水果类及制品,：仁果类
378,梨(库尔勒梨),：水果类及制品,：仁果类
379,梨(莱阳梨),：水果类及制品,：仁果类
380,马蹄黄梨,：水果类及制品,：仁果类
381,明月梨,：水果类及制品,：仁果类
382,木梨,：水果类及制品,：仁果类
383,梨(苹果梨),：水果类及制品,：仁果类
384,软梨,：水果类及制品,：仁果类
385,苏梅梨,：水果类及制品,：仁果类
386,苏木梨,：水果类及制品,：仁果类
387,酥梨,：水果类及制品,：仁果类
388,酸梨,：水果类及制品,：仁果类
389,梨(香梨),：水果类及制品,：仁果类
390,梨(雪花梨),：水果类及制品,：仁果类
391,雪梨,：水果类及制品,：仁果类
392,梨(鸭梨),：水果类及制品,：仁果类
393,梨(鳄梨),：水果类及制品,：仁果类
394,梨(糖水罐头),：水果类及制品,：仁果类
395,红果[山里红，大山楂],：水果类及制品,：仁果类
396,红果(干),：水果类及制品,：仁果类
397,海棠果[楸子],：水果类及制品,：仁果类
398,沙果,：水果类及制品,：仁果类
399,酸刺,：水果类及制品,：仁果类
400,蛇果,：水果类及制品,：仁果类
401,桃(均值),：水果类及制品,：核果类
402,桃（黄桃）,：水果类及制品,：核果类
403,桃（久保桃）,：水果类及制品,：核果类
404,蜜桃,：水果类及制品,：核果类
405,蒲桃,：水果类及制品,：核果类
406,桃(糖水罐头),：水果类及制品,：核果类
407,李子,：水果类及制品,：核果类
408,李子杏,：水果类及制品,：核果类
409,梅[青梅],：水果类及制品,：核果类
410,杏,：水果类及制品,：核果类
411,杏(罐头),：水果类及制品,：核果类
412,杏干,：水果类及制品,：核果类
413,布朗,：水果类及制品,：核果类
414,西梅,：水果类及制品,：核果类
415,枣(鲜),：水果类及制品,：核果类
416,枣(干),：水果类及制品,：核果类
417,枣（金丝小枣）,：水果类及制品,：核果类
418,黑枣(无核)[乌枣],：水果类及制品,：核果类
419,酒枣,：水果类及制品,：核果类
420,蜜枣,：水果类及制品,：核果类
421,蜜枣(无核),：水果类及制品,：核果类
422,冬枣,：水果类及制品,：核果类
423,酸枣,：水果类及制品,：核果类
424,樱桃,：水果类及制品,：核果类
425,葡萄(均值),：水果类及制品,：浆果类
426,红玫瑰葡萄,：水果类及制品,：浆果类
427,葡萄(巨峰),：水果类及制品,：浆果类
428,葡萄(马奶子),：水果类及制品,：浆果类
429,葡萄(玫瑰香),：水果类及制品,：浆果类
430,葡萄干,：水果类及制品,：浆果类
431,石榴(均值),：水果类及制品,：浆果类
432,柿,：水果类及制品,：浆果类
433,柿饼,：水果类及制品,：浆果类
434,桑葚(均值),：水果类及制品,：浆果类
435,桑葚(白),：水果类及制品,：浆果类
436,桑葚(红),：水果类及制品,：浆果类
437,醋栗[灯笼果],：水果类及制品,：浆果类
438,黑醋栗[黑加仑],：水果类及制品,：浆果类
439,沙棘,：水果类及制品,：浆果类
440,无花果,：水果类及制品,：浆果类
441,中华猕猴桃[毛叶猕猴桃],：水果类及制品,：浆果类
442,草莓[洋莓，凤阳草莓],：水果类及制品,：浆果类
443,红提子葡萄,：水果类及制品,：浆果类
444,无花果(干),：水果类及制品,：浆果类
445,橙,：水果类及制品,：柑橘类
446,柑桔(均值),：水果类及制品,：柑橘类
447,桔(金桔)[金枣],：水果类及制品,：柑橘类
448,芦柑,：水果类及制品,：柑橘类
449,蜜桔,：水果类及制品,：柑橘类
450,小叶桔,：水果类及制品,：柑橘类
451,桔饼,：水果类及制品,：柑橘类
452,柚[文旦],：水果类及制品,：柑橘类
453,柠檬,：水果类及制品,：柑橘类
454,葡萄柚(台湾)[西柚],：水果类及制品,：柑橘类
455,葡萄柚(以色列)[西柚],：水果类及制品,：柑橘类
456,芭蕉[甘蕉，板蕉，牙蕉],：水果类及制品,：热带、亚热带水果
457,菠萝[凤梨，地菠萝],：水果类及制品,：热带、亚热带水果
458,菠萝蜜[木菠萝],：水果类及制品,：热带、亚热带水果
459,刺梨[茨梨，木梨子],：水果类及制品,：热带、亚热带水果
460,番石榴[鸡矢果，番桃],：水果类及制品,：热带、亚热带水果
461,桂圆,：水果类及制品,：热带、亚热带水果
462,桂圆(干),：水果类及制品,：热带、亚热带水果
463,荔枝,：水果类及制品,：热带、亚热带水果
464,芒果[抹猛果，望果],：水果类及制品,：热带、亚热带水果
465,木瓜[番木瓜],：水果类及制品,：热带、亚热带水果
466,人参果,：水果类及制品,：热带、亚热带水果
467,香蕉[甘蕉],：水果类及制品,：热带、亚热带水果
468,杨梅[树梅，山杨梅],：水果类及制品,：热带、亚热带水果
469,杨桃,：水果类及制品,：热带、亚热带水果
470,椰子,：水果类及制品,：热带、亚热带水果
471,枇杷,：水果类及制品,：热带、亚热带水果
472,橄榄(白榄),：水果类及制品,：热带、亚热带水果
473,余柑子[油柑子],：水果类及制品,：热带、亚热带水果
474,红毛丹,：水果类及制品,：热带、亚热带水果
475,火龙果[仙蜜果、红龙果],：水果类及制品,：热带、亚热带水果
476,榴莲,：水果类及制品,：热带、亚热带水果
477,白兰瓜,：水果类及制品,：瓜果类
478,哈蜜瓜,：水果类及制品,：瓜果类
479,甜瓜[香瓜],：水果类及制品,：瓜果类
480,西瓜(均值),：水果类及制品,：瓜果类
481,白果(干)[银杏],：坚果、种子类,：树坚果
482,菠萝蜜子,：坚果、种子类,：树坚果
483,核桃(鲜),：坚果、种子类,：树坚果
484,核桃(干)[胡桃],：坚果、种子类,：树坚果
485,山核桃(干),：坚果、种子类,：树坚果
486,山核桃(熟)[小核桃],：坚果、种子类,：树坚果
487,栗子(鲜)[板栗],：坚果、种子类,：树坚果
488,栗子(干),：坚果、种子类,：树坚果
489,栗子(熟)[板栗],：坚果、种子类,：树坚果
490,松子(生),：坚果、种子类,：树坚果
491,松子(炒),：坚果、种子类,：树坚果
492,松子仁,：坚果、种子类,：树坚果
493,杏仁,：坚果、种子类,：树坚果
494,杏仁(大),：坚果、种子类,：树坚果
495,杏仁(炒),：坚果、种子类,：树坚果
496,橡实[橡子，青冈子],：坚果、种子类,：树坚果
497,腰果,：坚果、种子类,：树坚果
498,榛子(干),：坚果、种子类,：树坚果
499,榛子(炒),：坚果、种子类,：树坚果
500,开心果(熟),：坚果、种子类,：树坚果
501,胡麻籽,：坚果、种子类,：种子
502,花生(鲜)[落花生，长生果],：坚果、种子类,：种子
503,花生(炒),：坚果、种子类,：种子
504,花生仁(生),：坚果、种子类,：种子
505,花生仁(炒),：坚果、种子类,：种子
506,葵花子(生),：坚果、种子类,：种子
507,葵花子(炒),：坚果、种子类,：种子
508,葵花子仁,：坚果、种子类,：种子
509,莲子(干),：坚果、种子类,：种子
510,南瓜子(炒)[白瓜子],：坚果、种子类,：种子
511,南瓜子仁,：坚果、种子类,：种子
512,西瓜子(炒),：坚果、种子类,：种子
513,西瓜子仁,：坚果、种子类,：种子
514,芝麻籽(白),：坚果、种子类,：种子
515,芝麻籽(黑),：坚果、种子类,：种子
516,芡实米(鲜)[鸡头米],：坚果、种子类,：种子
517,花生(烤，勤俭牌),：美味花生,果、种子类
518,花生(烤，密日兴牌),：坚果、种子类,：种子
519,花生仁(油炸),：坚果、种子类,：种子
520,猪肉(肥瘦)(均值),：畜肉类及制品,：猪
521,猪肉(肥),：畜肉类及制品,：猪
522,猪肉(后臀尖),：畜肉类及制品,：猪
523,猪肉(后肘),：畜肉类及制品,：猪
524,猪肉(肋条肉),：畜肉类及制品,：猪
525,猪肉(里脊),：畜肉类及制品,：猪
526,猪肉(奶脯)[软五花，猪夹心],：畜肉类及制品,：猪
527,猪肉(奶面)[硬五花],：畜肉类及制品,：猪
528,猪肉(前肘),：畜肉类及制品,：猪
529,猪肉(瘦),：畜肉类及制品,：猪
530,猪肉(腿),：畜肉类及制品,：猪
531,猪大肠,：畜肉类及制品,：猪
532,猪大排,：畜肉类及制品,：猪
533,猪耳,：畜肉类及制品,：猪
534,猪蹄,：畜肉类及制品,：猪
535,猪小排,：畜肉类及制品,：猪
536,猪肚,：畜肉类及制品,：猪
537,猪肺,：畜肉类及制品,：猪
538,猪肝,：畜肉类及制品,：猪
539,猪脑,：畜肉类及制品,：猪
540,猪舌[口条],：畜肉类及制品,：猪
541,猪肾[猪腰子],：畜肉类及制品,：猪
542,猪小肠,：畜肉类及制品,：猪
543,猪心,：畜肉类及制品,：猪
544,猪血,：畜肉类及制品,：猪
545,叉烧肉,：畜肉类及制品,：猪
546,腊肉(培根),：畜肉类及制品,：猪
547,腊肉(生),：畜肉类及制品,：猪
548,午餐肉,：畜肉类及制品,：猪
549,咸肉,：畜肉类及制品,：猪
550,猪肝(卤煮),：畜肉类及制品,：猪
551,猪蹄(熟),：畜肉类及制品,：猪
552,猪肉松(均值),：畜肉类及制品,：猪
553,蛋清肠,：畜肉类及制品,：猪
554,风干肠,：畜肉类及制品,：猪
555,广东香肠,：畜肉类及制品,：猪
556,火腿肠,：畜肉类及制品,：猪
557,腊肠,：畜肉类及制品,：猪
558,蒜肠,：畜肉类及制品,：猪
559,香肠,：畜肉类及制品,：猪
560,小泥肠,：畜肉类及制品,：猪
561,午餐肚,：畜肉类及制品,：猪
562,火腿,：畜肉类及制品,：猪
563,金华火腿,：畜肉类及制品,：猪
564,牛肉(肥瘦)(均值),：畜肉类及制品,：牛
565,牛肉(腑肋),：畜肉类及制品,：牛
566,牛肉(后腿),：畜肉类及制品,：牛
567,牛肉(后腱),：畜肉类及制品,：牛
568,牛肉(里脊),：畜肉类及制品,：牛
569,牛肉(前腿),：畜肉类及制品,：牛
570,牛肉(前腱),：畜肉类及制品,：牛
571,牛肉(瘦),：畜肉类及制品,：牛
572,牛蹄筋,：畜肉类及制品,：牛
573,牛鞭(泡发),：畜肉类及制品,：牛
574,牛大肠,：畜肉类及制品,：牛
575,牛肚,：畜肉类及制品,：牛
576,牛肺,：畜肉类及制品,：牛
577,牛肝,：畜肉类及制品,：牛
578,牛脑,：畜肉类及制品,：牛
579,牛舌,：畜肉类及制品,：牛
580,牛肾,：畜肉类及制品,：牛
581,牛心,：畜肉类及制品,：牛
582,酱牛肉,：畜肉类及制品,：牛
583,牛肉干,：畜肉类及制品,：牛
584,牛肉松,：畜肉类及制品,：牛
585,羊肉(肥瘦)(均值),：畜肉类及制品,：羊
586,羊肉(后腿),：畜肉类及制品,：羊
587,羊肉(颈),：畜肉类及制品,：羊
588,羊肉(里脊),：畜肉类及制品,：羊
589,羊肉(前腿),：畜肉类及制品,：羊
590,羊肉(青羊),：畜肉类及制品,：羊
591,羊肉(瘦),：畜肉类及制品,：羊
592,羊肉(胸脯),：畜肉类及制品,：羊
593,山羊肉(冻),：畜肉类及制品,：羊
594,羊蹄筋(生),：畜肉类及制品,：羊
595,羊大肠,：畜肉类及制品,：羊
596,羊肚,：畜肉类及制品,：羊
597,羊肺,：畜肉类及制品,：羊
598,羊肝,：畜肉类及制品,：羊
599,羊脑,：畜肉类及制品,：羊
600,羊舌,：畜肉类及制品,：羊
601,羊肾,：畜肉类及制品,：羊
602,羊心,：畜肉类及制品,：羊
603,羊血,：畜肉类及制品,：羊
604,腊羊肉,：畜肉类及制品,：羊
605,羊肉串(烤),：畜肉类及制品,：羊
606,羊肉串(炸),：畜肉类及制品,：羊
607,山羊肉(酱),：畜肉类及制品,：羊
608,驴肉(瘦),：畜肉类及制品,：驴
609,驴肉(酱),：畜肉类及制品,：驴
610,驴肉(卤),：畜肉类及制品,：驴
611,驴肉(煮),：畜肉类及制品,：驴
612,马肉,：畜肉类及制品,：马
613,马心,：畜肉类及制品,：马
614,马肉(卤),：畜肉类及制品,：马
615,狗肉,：畜肉类及制品,：其它
616,兔肉,：畜肉类及制品,：其它
617,鸡(均值),：禽肉类及制品,：鸡
618,鸡(土鸡，家养),：禽肉类及制品,：鸡
619,肉鸡(肥),：禽肉类及制品,：鸡
620,鸡(乌骨鸡),：禽肉类及制品,：鸡
621,鸡胸脯肉,：禽肉类及制品,：鸡
622,鸡翅,：禽肉类及制品,：鸡
623,鸡腿,：禽肉类及制品,：鸡
624,鸡爪,：禽肉类及制品,：鸡
625,鸡肝,：禽肉类及制品,：鸡
626,鸡心,：禽肉类及制品,：鸡
627,鸡血,：禽肉类及制品,：鸡
628,鸡肫[鸡胗],：禽肉类及制品,：鸡
629,扒鸡,：禽肉类及制品,：鸡
630,烤鸡,：禽肉类及制品,：鸡
631,鸡肉松,：禽肉类及制品,：鸡
632,鸭(均值),：禽肉类及制品,：鸭
633,鸭胸脯肉,：禽肉类及制品,：鸭
634,鸭翅,：禽肉类及制品,：鸭
635,鸭掌,：禽肉类及制品,：鸭
636,鸭肠,：禽肉类及制品,：鸭
637,鸭肝,：禽肉类及制品,：鸭
638,鸭舌[鸭条],：禽肉类及制品,：鸭
639,鸭心,：禽肉类及制品,：鸭
640,鸭血(白鸭),：禽肉类及制品,：鸭
641,鸭肫,：禽肉类及制品,：鸭
642,北京烤鸭,：禽肉类及制品,：鸭
643,酱鸭,：禽肉类及制品,：鸭
644,盐水鸭(熟),：禽肉类及制品,：鸭
645,鹅,：禽肉类及制品,：鹅
646,鹅肝,：禽肉类及制品,：鹅
647,鹅肫,：禽肉类及制品,：鹅
648,烧鹅,：禽肉类及制品,：鹅
649,火鸡腿,：禽肉类及制品,：火鸡
650,火鸡胸脯肉,：禽肉类及制品,：火鸡
651,火鸡肝,：禽肉类及制品,：火鸡
652,火鸡肫,：禽肉类及制品,：火鸡
653,鸽,：禽肉类及制品,：其它
654,鹌鹑,：禽肉类及制品,：其它
655,乳鸽,：禽肉类及制品,：其它
656,乳鸽(红烧),：禽肉类及制品,：其它
657,乳品（牛乳，均值),：乳类及制品,：液态乳
658,牛乳(光明牌),：100％纯牛奶,类及制品
659,牛乳(乐百氏牌),：纯牛奶（100％）,类及制品
660,牛乳(帕玛拉特牌),：纯牛奶（100％）,类及制品
661,牛乳(三元牌),：纯牛奶,类及制品
662,牛乳(完达山牌),：100％纯牛奶,类及制品
663,牛乳(龙丹牌),：纯鲜牛奶（100％）,类及制品
664,牛乳(蒙牛牌),：纯鲜牛奶,类及制品
665,牛乳(新南洋牌),：纯鲜牛奶,类及制品
666,牛乳(帕玛拉特),：保鲜牛奶,类及制品
667,牛乳(伊利牌),：保鲜纯牛奶,类及制品
668,牛乳(部分脱脂，帕玛拉特),：乳类及制品,：液态乳
669,牛乳(脱脂，帕玛拉特),：乳类及制品,：液态乳
670,牛乳(强化锌、钙，帕玛拉特),：保鲜牛奶（加锌、钙）,类及制品
671,牛奶(草莓味，卡夫牌),：乳类及制品,：液态乳
672,牛奶(巧克力味，卡夫牌),：乳类及制品,：液态乳
673,牛奶(巧克力味，三元牌),：乳类及制品,：液态乳
674,学生奶,：中国学生奶,类及制品
675,乳品（鲜羊乳）,：乳类及制品,：液态乳
676,全脂加糖奶粉,：乳类及制品,：奶粉
677,全脂速溶奶粉,：乳类及制品,：奶粉
678,全脂奶粉(雀巢),：乳类及制品,：奶粉
679,全脂奶粉(三鹿牌),：乳类及制品,：奶粉
680,全脂奶粉(伊利牌),：乳类及制品,：奶粉
681,全脂甜奶粉(三鹿牌),：全脂加糖奶粉,类及制品
682,全脂甜奶粉(伊利牌),：乳类及制品,：奶粉
683,低脂奶粉(高钙高铁，雀巢),：雀巢高钙高铁奶粉（低脂）,类及制品
684,低脂奶粉(高钙高铁，伊利牌),：伊利高钙高铁低脂奶粉,类及制品
685,高钙高铁奶粉(可淇牌),：乳类及制品,：奶粉
686,儿童奶粉(安儿健A+，美赞臣),：安儿健A+儿童成长奶粉。,类及制品
687,儿童奶粉(适体健，美赞臣),：适体健儿童营养奶粉。,类及制品
688,儿童奶粉(惠氏),：惠氏S26金装学儿乐奶粉。,类及制品
689,儿童奶粉(可淇牌),：可淇成长奶粉。,类及制品
690,儿童奶粉(三鹿牌),：三鹿助长奶粉。,类及制品
691,儿童奶粉(完达山牌),：完达山3段配方奶粉。,类及制品
692,孕妇乳母奶粉(惠氏),：爱儿乐妈妈孕妇乳母奶粉（香草味）,类及制品
693,孕妇乳母奶粉(美赞臣),：安婴妈妈孕妇及授乳妇女营养奶粉,类及制品
694,中老年奶粉(可淇牌),：乳类及制品,：奶粉
695,中老年奶粉(雀巢),：乳类及制品,：奶粉
696,中老年奶粉(三鹿牌),：乳类及制品,：奶粉
697,中老年奶粉(森永牌),：乳类及制品,：奶粉
698,奶粉(全脂羊乳粉),：乳类及制品,：奶粉
699,乳品（酸奶，均值),：乳类及制品,：酸奶
700,酸奶(脱脂),：乳类及制品,：酸奶
701,酸奶(调味),：酸奶小超人。,类及制品
702,酸奶(果粒),：果粒酸奶。,类及制品
703,奶酪[干酪],：乳类及制品,：奶酪
704,奶豆腐(鲜),：乳类及制品,：奶酪
705,乳酪（羊乳酪）,：乳类及制品,：奶酪
706,奶酪(光明牌),：乳类及制品,：奶酪
707,奶酪(骑士牌),：乳类及制品,：奶酪
708,低脂奶酪,：乳类及制品,：奶酪
709,硬质干酪,：乳类及制品,：奶酪
710,乳品（奶油）,：乳类及制品,：奶油
711,黄油,：乳类及制品,：奶油
712,酥油,：乳类及制品,：奶油
713,炼乳(甜，罐头),：乳类及制品,：其它
714,奶皮子,：乳类及制品,：其它
715,奶片,：乳类及制品,：其它
716,全脂甜炼乳(雀巢),：鹰唛炼乳,类及制品
717,全脂甜炼乳(燕山牌),：乳类及制品,：其它
718,脱脂甜炼乳,：乳类及制品,：其它
719,蛋（鸡蛋，均值),：蛋类及制品,：鸡蛋
720,鸡蛋(白皮),：蛋类及制品,：鸡蛋
721,鸡蛋(红皮),：蛋类及制品,：鸡蛋
722,鸡蛋(土鸡),：蛋类及制品,：鸡蛋
723,鸡蛋白,：蛋类及制品,：鸡蛋
724,鸡蛋白(乌骨鸡),：蛋类及制品,：鸡蛋
725,蛋黄（鸡蛋黄）,：蛋类及制品,：鸡蛋
726,鸡蛋黄(乌骨鸡),：蛋类及制品,：鸡蛋
727,蛋（松花蛋，鸡蛋),：蛋类及制品,：鸡蛋
728,毛蛋,：蛋类及制品,：鸡蛋
729,荷包蛋(油煎),：蛋类及制品,：鸡蛋
730,荷包蛋(煮),：蛋类及制品,：鸡蛋
731,蛋（鸭蛋）,：蛋类及制品,：鸭蛋
732,鸭蛋白,：蛋类及制品,：鸭蛋
733,鸭蛋黄,：蛋类及制品,：鸭蛋
734,海鸭蛋,：蛋类及制品,：鸭蛋
735,蛋（松花蛋，鸭蛋)[皮蛋],：蛋类及制品,：鸭蛋
736,咸鸭蛋,：蛋类及制品,：鸭蛋
737,咸鸭蛋(煮),：蛋类及制品,：鸭蛋
738,蛋（鹅蛋）,：蛋类及制品,：鹅蛋
739,鹅蛋白,：蛋类及制品,：鹅蛋
740,蛋黄（鹅蛋黄）,：蛋类及制品,：鹅蛋
741,鹅蛋(煮),：蛋类及制品,：鹅蛋
742,蛋（鹌鹑蛋）,：蛋类及制品,：鹌鹑蛋
743,白条鱼(裸鱼),：鱼虾蟹贝类,：鱼
744,草鱼[白鲩，草包鱼],：鱼虾蟹贝类,：鱼
745,赤眼鳟[金目鱼],：鱼虾蟹贝类,：鱼
746,感鱼[猴鱼],：鱼虾蟹贝类,：鱼
747,胡子鲇[塘虱(鱼)],：鱼虾蟹贝类,：鱼
748,黄颡鱼[戈牙鱼，黄鳍鱼],：鱼虾蟹贝类,：鱼
749,鱼（黄鳝）[鳝鱼],：鱼虾蟹贝类,：鱼
750,黄鳝丝,：鱼虾蟹贝类,：鱼
751,尖嘴白,：鱼虾蟹贝类,：鱼
752,口头鱼,：鱼虾蟹贝类,：鱼
753,鲤鱼[鲤拐子],：鱼虾蟹贝类,：鱼
754,罗非鱼,：鱼虾蟹贝类,：鱼
755,青鱼[青皮鱼，青鳞鱼，青混],：鱼虾蟹贝类,：鱼
756,乌鳢[黑鱼，石斑鱼，生鱼],：鱼虾蟹贝类,：鱼
757,鱼（银鱼）[面条鱼],：鱼虾蟹贝类,：鱼
758,湟鱼(裸鲤鱼),：鱼虾蟹贝类,：鱼
759,鲇鱼[胡子鲇，鲢胡，旺虾],：鱼虾蟹贝类,：鱼
760,鲒花,：鱼虾蟹贝类,：鱼
761,鲢鱼[白鲢，胖子，连子鱼],：鱼虾蟹贝类,：鱼
762,鲫鱼[喜头鱼，海附鱼],：鱼虾蟹贝类,：鱼
763,鲮鱼[雪鲮],：鱼虾蟹贝类,：鱼
764,鳊鱼[鲂鱼，武昌鱼],：鱼虾蟹贝类,：鱼
765,鳗鲡[鳗鱼，河鳗],：鱼虾蟹贝类,：鱼
766,鳙鱼[胖头鱼，摆佳鱼，花鲢鱼],：鱼虾蟹贝类,：鱼
767,鳜鱼[桂鱼，花鲫鱼],：鱼虾蟹贝类,：鱼
768,鳟鱼[红鳟鱼],：鱼虾蟹贝类,：鱼
769,白姑鱼[白米子(鱼)],：鱼虾蟹贝类,：鱼
770,参鱼[蓝圆参，边鱼],：鱼虾蟹贝类,：鱼
771,带鱼[白带鱼，刀鱼],：鱼虾蟹贝类,：鱼
772,堤鱼,：鱼虾蟹贝类,：鱼
773,狗母鱼[大头狗母鱼],：鱼虾蟹贝类,：鱼
774,海鲫鱼[九九鱼],：鱼虾蟹贝类,：鱼
775,海鳗[鲫勾],：鱼虾蟹贝类,：鱼
776,红娘鱼[翼红娘鱼],：鱼虾蟹贝类,：鱼
777,黄姑鱼[黄婆鸡(鱼)],：鱼虾蟹贝类,：鱼
778,黄鱼(大黄花鱼),：鱼虾蟹贝类,：鱼
779,黄鱼(小黄花鱼),：鱼虾蟹贝类,：鱼
780,黄鲂[赤虹，老板鱼],：鱼虾蟹贝类,：鱼
781,金线鱼[红三鱼],：鱼虾蟹贝类,：鱼
782,绿鳍马面豚[面包鱼，橡皮鱼],：鱼虾蟹贝类,：鱼
783,梅童鱼[大头仔鱼，丁珠鱼],：鱼虾蟹贝类,：鱼
784,沙丁鱼[沙鲻],：鱼虾蟹贝类,：鱼
785,沙钻鱼[多鳞喜，沙梭，麦穗鱼],：鱼虾蟹贝类,：鱼
786,舌鳎[花纹舌头，舌头鱼],：鱼虾蟹贝类,：鱼
787,油抒[香梭鱼],：鱼虾蟹贝类,：鱼
788,颚针鱼[针量鱼],：鱼虾蟹贝类,：鱼
789,鲅鱼[马鲛鱼，燕鲅鱼，巴鱼],：鱼虾蟹贝类,：鱼
790,鲆[片口鱼，比目鱼],：鱼虾蟹贝类,：鱼
791,鲈鱼[鲈花],：鱼虾蟹贝类,：鱼
792,鲐鱼[青鲐鱼，鲐巴鱼，青砖鱼],：鱼虾蟹贝类,：鱼
793,鲑鱼[大麻哈鱼],：鱼虾蟹贝类,：鱼
794,鲑鱼籽酱[大麻哈鱼籽酱],：鱼虾蟹贝类,：鱼
795,鲚鱼(大)[大凤尾鱼],：鱼虾蟹贝类,：鱼
796,鲚鱼(小)[小凤尾鱼],：鱼虾蟹贝类,：鱼
797,鲳鱼[平鱼，银鲳，刺鲳],：鱼虾蟹贝类,：鱼
798,鲷[黑鲷，铜盆鱼，大目鱼],：鱼虾蟹贝类,：鱼
799,鲻鱼[白眼棱鱼],：鱼虾蟹贝类,：鱼
800,鲽[比目鱼，凸眼鱼],：鱼虾蟹贝类,：鱼
801,鳐鱼[夫鱼],：鱼虾蟹贝类,：鱼
802,鳓鱼[快鱼，力鱼],：鱼虾蟹贝类,：鱼
803,鳕鱼[鳕狭，明太鱼],：鱼虾蟹贝类,：鱼
804,鳘鱼,：鱼虾蟹贝类,：鱼
805,双髻鲨,：鱼虾蟹贝类,：鱼
806,鱼片干,：鱼虾蟹贝类,：鱼
807,金鲨鱼翅(干),：鱼虾蟹贝类,：鱼
808,鱼丸,：鱼虾蟹贝类,：鱼
809,鱼子酱,：鱼虾蟹贝类,：鱼
810,凤尾鱼(熟),：鱼虾蟹贝类,：鱼
811,箭鱼(炸),：鱼虾蟹贝类,：鱼
812,金枪鱼(盐水浸),：鱼虾蟹贝类,：鱼
813,金枪鱼(油浸),：鱼虾蟹贝类,：鱼
814,鲮鱼(豆豉，熟),：豆豉鲮鱼。,虾蟹贝类
815,鳗鱼(红烧),：鱼虾蟹贝类,：鱼
816,鲭鱼(烤，150℃，10分),：鱼虾蟹贝类,：鱼
817,鲭鱼(烤，150℃，20分),：鱼虾蟹贝类,：鱼
818,鲭鱼(烤，150℃，30分),：鱼虾蟹贝类,：鱼
819,鲭鱼(烤，180℃，10分),：鱼虾蟹贝类,：鱼
820,鲭鱼(烤，210℃，10分),：鱼虾蟹贝类,：鱼
821,鲭鱼(炸),：鱼虾蟹贝类,：鱼
822,鲭鱼(蒸),：鱼虾蟹贝类,：鱼
823,鲭鱼(煮),：鱼虾蟹贝类,：鱼
824,沙丁鱼(茄汁，熟),：茄汁沙丁鱼。,虾蟹贝类
825,沙丁鱼(盐水浸),：鱼虾蟹贝类,：鱼
826,沙丁鱼(油浸),：鱼虾蟹贝类,：鱼
827,午餐鱼(香辣味),：鱼虾蟹贝类,：鱼
828,鳕鱼(烤),：鱼虾蟹贝类,：鱼
829,鳕鱼(炸),：鱼虾蟹贝类,：鱼
830,刺蛄[刺蛄],：鱼虾蟹贝类,：虾
831,虾（东方对虾）[中国对虾],：鱼虾蟹贝类,：虾
832,虾（海虾）,：鱼虾蟹贝类,：虾
833,虾（河虾）,：鱼虾蟹贝类,：虾
834,虾（基围虾）,：鱼虾蟹贝类,：虾
835,江虾[沼虾],：鱼虾蟹贝类,：虾
836,虾（龙虾）,：鱼虾蟹贝类,：虾
837,塘水虾[草虾],：鱼虾蟹贝类,：虾
838,虾虎,：鱼虾蟹贝类,：虾
839,虾皮,：鱼虾蟹贝类,：虾
840,螯虾,：鱼虾蟹贝类,：虾
841,虾米[海米，虾仁],：鱼虾蟹贝类,：虾
842,虾酱,：鱼虾蟹贝类,：虾
843,蟹（海蟹）,：鱼虾蟹贝类,：蟹
844,蟹（河蟹）,：鱼虾蟹贝类,：蟹
845,蟹肉,：鱼虾蟹贝类,：蟹
846,蟹足棒,：鱼虾蟹贝类,：蟹
847,鲍鱼[杂色鲍],：鱼虾蟹贝类,：贝
848,鲍鱼(干),：鱼虾蟹贝类,：贝
849,蛏子,：鱼虾蟹贝类,：贝
850,河蚌,：鱼虾蟹贝类,：贝
851,河蚬[蚬子],：鱼虾蟹贝类,：贝
852,牡蛎[海蛎子],：鱼虾蟹贝类,：贝
853,生蚝,：鱼虾蟹贝类,：贝
854,泥蚶[血蚶，珠蚶],：鱼虾蟹贝类,：贝
855,扇贝(鲜),：鱼虾蟹贝类,：贝
856,扇贝(干)[干贝],：鱼虾蟹贝类,：贝
857,银蚶[蚶子],：鱼虾蟹贝类,：贝
858,贻贝(鲜)[淡菜，壳菜],：鱼虾蟹贝类,：贝
859,贻贝(干)[淡菜，壳菜],：鱼虾蟹贝类,：贝
860,海蚌[西施舌],：鱼虾蟹贝类,：贝
861,蛤蜊(均值),：鱼虾蟹贝类,：贝
862,螺(均值),：鱼虾蟹贝类,：贝
863,文蛤丸,：鱼虾蟹贝类,：贝
864,海参,：鱼虾蟹贝类,：其它
865,海参(干),：鱼虾蟹贝类,：其它
866,海蜇皮,：鱼虾蟹贝类,：其它
867,海蜇头,：鱼虾蟹贝类,：其它
868,墨鱼[曼氏无针乌贼],：鱼虾蟹贝类,：其它
869,墨鱼(干)[曼氏无针乌贼],：鱼虾蟹贝类,：其它
870,乌贼(鲜)[鱿鱼，台湾枪乌贼，枪,：鱼虾蟹贝类,：其它
871,鱿鱼(干)[台湾枪乌贼],：鱼虾蟹贝类,：其它
872,鱿鱼(水浸),：鱼虾蟹贝类,：其它
873,乌鱼蛋,：鱼虾蟹贝类,：其它
874,章鱼[真蛸],：鱼虾蟹贝类,：其它
875,甲鱼蛋,：鱼虾蟹贝类,：其它
876,墨鱼丸,：鱼虾蟹贝类,：其它
877,婴儿配方奶粉(爱儿乐，惠氏),：S26金装爱儿乐SMAGOLD。,幼儿食品
878,婴儿配方奶粉(爱儿乐，惠氏，简装),：S26爱儿乐SMA。,幼儿食品
879,婴儿配方奶粉(爱力大1，美赞臣),：爱力大1初生婴儿配方奶粉。,幼儿食品
880,婴儿配方奶粉(安婴儿，美赞臣),：婴幼儿食品,：婴幼儿配方粉
881,婴儿配方奶粉(安婴儿A+，美赞臣),：婴幼儿食品,：婴幼儿配方粉
882,婴儿配方奶粉(安婴乐，美赞臣),：婴幼儿食品,：婴幼儿配方粉
883,婴儿配方奶粉(吉利蜜1，森永牌),：婴幼儿食品,：婴幼儿配方粉
884,婴儿配方奶粉(可淇牌),：婴幼儿食品,：婴幼儿配方粉
885,婴儿配方奶粉(力多精1，雀巢),：力多精1初生婴儿配方奶粉（含铁质）。,幼儿食品
886,婴儿配方奶粉(美素力1),：婴幼儿食品,：婴幼儿配方粉
887,婴儿配方奶粉(美素力H),：婴幼儿食品,：婴幼儿配方粉
888,婴儿配方奶粉(美素力，袋装),：婴幼儿食品,：婴幼儿配方粉
889,婴儿配方奶粉(圣元牌),：圣元优聪配方1段初生婴儿奶粉。,幼儿食品
890,婴儿配方奶粉(完达山牌),：完达山1段配方奶粉。,幼儿食品
891,婴儿奶粉(高钙，圣元牌),：圣元优强婴儿补钙奶粉。,幼儿食品
892,婴儿配方豆粉(爱儿素，惠氏),：S26爱儿素Nursoy。,幼儿食品
893,较大婴儿配方奶粉(爱力大2，美赞臣),：婴幼儿食品,：婴幼儿配方粉
894,较大婴儿配方奶粉(安婴宝，美赞臣),：婴幼儿食品,：婴幼儿配方粉
895,较大婴儿配方奶粉(安婴宝A+，美赞臣),：婴幼儿食品,：婴幼儿配方粉
896,较大婴儿配方奶粉(健儿乐，惠氏),：S26金装健儿乐强化铁质较大婴儿配方奶粉。,幼儿食品
897,较大婴儿配方奶粉(健儿乐，惠氏，简装),：S26健儿乐PROMIL。,幼儿食品
898,较大婴儿配方奶粉(可淇牌),：婴幼儿食品,：婴幼儿配方粉
899,较大婴儿配方奶粉(美素乐2),：美素乐较大婴儿及幼儿配方奶粉2段。,幼儿食品
900,较大婴儿配方奶粉(美素乐),：婴幼儿食品,：婴幼儿配方粉
901,较大婴儿配方奶粉(美素乐，袋装),：婴幼儿食品,：婴幼儿配方粉
902,较大婴幼儿配方奶粉(吉利蜜2，森永牌),：婴幼儿食品,：婴幼儿配方粉
903,较大婴幼儿配方奶粉(力多精2，雀巢),：力多精2较大婴儿及幼童奶粉。,幼儿食品
904,较大婴儿配方奶粉(圣元牌),：圣元优聪配方2段较大婴儿奶粉。,幼儿食品
905,较大婴幼儿奶粉(高钙，圣元牌),：圣元优强幼儿补钙奶粉。,幼儿食品
906,较大婴幼儿配方奶粉(完达山牌),：完达山2段配方奶粉。,幼儿食品
907,幼儿奶粉(爱力大3，美赞臣),：爱力大3成长配方奶粉。,幼儿食品
908,幼儿奶粉(安儿宝，美赞臣),：安儿宝高蛋白成长奶粉。,幼儿食品
909,幼儿奶粉(安儿宝A+，美赞臣),：安儿宝A+高蛋白成长奶粉。,幼儿食品
910,幼儿奶粉(惠氏),：S26金装幼儿乐奶粉。,幼儿食品
911,幼儿奶粉(惠氏，简装),：S26幼儿乐奶粉。,幼儿食品
912,幼儿奶粉(可淇牌),：可淇幼儿配方奶粉,幼儿食品
913,幼儿奶粉(美素高),：美素高成长配方奶粉3段。,幼儿食品
914,幼儿奶粉(美素高，全能装),：美素高成长配方奶粉（香草味）。,幼儿食品
915,幼儿奶粉(美素高，袋装),：美素高成长配方奶粉（香草味）。,幼儿食品
916,幼儿奶粉(雀巢),：雀巢成长奶粉,幼儿食品
917,幼儿奶粉(雀巢金牌),：雀巢金牌成长奶粉,幼儿食品
918,幼儿奶粉(森永牌),：森永吉利蜜3成长奶粉。,幼儿食品
919,幼儿奶粉(圣元牌),：圣元优聪3段幼儿成长奶粉。,幼儿食品
920,胡萝卜苹果泥(亨氏),：婴幼儿食品,：婴幼儿断奶期辅助食品
921,鸡肝蔬菜泥(亨氏),：婴幼儿食品,：婴幼儿断奶期辅助食品
922,香甜胡萝卜泥(亨氏),：婴幼儿食品,：婴幼儿断奶期辅助食品
923,豆奶粉,：婴幼儿食品,：婴幼儿补充食品
924,米粉(雀巢),：婴幼儿食品,：婴幼儿补充食品
925,米粉(高蛋白，雀巢),：婴幼儿食品,：婴幼儿补充食品
926,米粉(高蛋白，亨氏),：婴幼儿食品,：婴幼儿补充食品
927,米粉(苹果，雀巢),：婴幼儿食品,：婴幼儿补充食品
928,米粉(蔬菜，亨氏),：婴幼儿食品,：婴幼儿补充食品
929,米粉(蔬菜，雀巢),：婴幼儿食品,：婴幼儿补充食品
930,米粉(胡萝卜，亨氏),：婴幼儿食品,：婴幼儿补充食品
931,米粉(胡萝卜，雀巢),：婴幼儿食品,：婴幼儿补充食品
932,米粉(番茄，亨氏),：婴幼儿食品,：婴幼儿补充食品
933,米粉(猪肝蔬菜，亨氏),：婴幼儿食品,：婴幼儿补充食品
934,米粉(鱼肉蔬菜，亨氏),：婴幼儿食品,：婴幼儿补充食品
935,麦粉(蜂蜜，雀巢),：婴幼儿食品,：婴幼儿补充食品
936,艾窝窝,：小吃、甜饼,：小吃
937,白水羊头,：小吃、甜饼,：小吃
938,茶汤,：小吃、甜饼,：小吃
939,炒肝,：小吃、甜饼,：小吃
940,春卷,：小吃、甜饼,：小吃
941,豆腐脑(带卤),：小吃、甜饼,：小吃
942,灌肠,：小吃、甜饼,：小吃
943,煎饼,：小吃、甜饼,：小吃
944,焦圈,：小吃、甜饼,：小吃
945,京八件,：小吃、甜饼,：小吃
946,栗羊羹,：小吃、甜饼,：小吃
947,凉粉,：小吃、甜饼,：小吃
948,凉面,：小吃、甜饼,：小吃
949,龙虾片,：小吃、甜饼,：小吃
950,驴打滚,：小吃、甜饼,：小吃
951,密三刀,：小吃、甜饼,：小吃
952,年糕,：小吃、甜饼,：小吃
953,青稞炒面,：小吃、甜饼,：小吃
954,热干面,：小吃、甜饼,：小吃
955,豌豆黄,：小吃、甜饼,：小吃
956,油茶,：小吃、甜饼,：小吃
957,油炸豆瓣,：小吃、甜饼,：小吃
958,炸糕,：小吃、甜饼,：小吃
959,糌粑(稞麦熟品),：小吃、甜饼,：小吃
960,春卷(素馅),：小吃、甜饼,：小吃
961,黑芝麻汤圆,：小吃、甜饼,：小吃
962,醪糟,：小吃、甜饼,：小吃
963,煎饼,：老区煎饼。,吃、甜饼
964,过桥米线,：小吃、甜饼,：小吃
965,蛋糕(均值),：小吃、甜饼,：蛋糕、甜点
966,蛋糕(巧克力),：小吃、甜饼,：蛋糕、甜点
967,蛋糕(水果),：小吃、甜饼,：蛋糕、甜点
968,月饼(豆沙),：小吃、甜饼,：蛋糕、甜点
969,月饼(五仁),：小吃、甜饼,：蛋糕、甜点
970,月饼(枣泥),：小吃、甜饼,：蛋糕、甜点
971,月饼(蛋黄),：小吃、甜饼,：蛋糕、甜点
972,月饼(豆沙),：小吃、甜饼,：蛋糕、甜点
973,月饼(桂花板栗),：小吃、甜饼,：蛋糕、甜点
974,月饼(奶油莲芸),：小吃、甜饼,：蛋糕、甜点
975,板油酥饼,：小吃、甜饼,：蛋糕、甜点
976,蛋黄酥,：小吃、甜饼,：蛋糕、甜点
977,夹心酥饼,：小吃、甜饼,：蛋糕、甜点
978,江米条,：小吃、甜饼,：蛋糕、甜点
979,开口笑,：小吃、甜饼,：蛋糕、甜点
980,绿豆糕,：小吃、甜饼,：蛋糕、甜点
981,麻烘糕,：小吃、甜饼,：蛋糕、甜点
982,麻花,：小吃、甜饼,：蛋糕、甜点
983,米花糖,：小吃、甜饼,：蛋糕、甜点
984,酥皮糕点,：小吃、甜饼,：蛋糕、甜点
985,桃酥,：小吃、甜饼,：蛋糕、甜点
986,芝麻桃酥,：小吃、甜饼,：蛋糕、甜点
987,茯苓夹饼,：小吃、甜饼,：蛋糕、甜点
988,沙琪玛蛋酥,：小吃、甜饼,：蛋糕、甜点
989,香橙水果馅饼,：小吃、甜饼,：蛋糕、甜点
990,鸡柳汉堡(肯德基),：速食食品,：快餐食品
991,香芋甜心(肯德基),：速食食品,：快餐食品
992,鸡肉汉堡(肯德基),：速食食品,：快餐食品
993,鸡肉卷(肯德基),：速食食品,：快餐食品
994,上校鸡块(肯德基),：速食食品,：快餐食品
995,辣鸡翅(肯德基),：速食食品,：快餐食品
996,新奥尔良鸡翅(肯德基),：速食食品,：快餐食品
997,劲爆鸡米花(肯德基),：速食食品,：快餐食品
998,甜玉米籽粒(肯德基),：速食食品,：快餐食品
999,薯条(肯德基),：速食食品,：快餐食品
1000,比萨饼(夹奶酪),：速食食品,：快餐食品
1001,比萨饼(夹奶酪、肉和蔬菜),：速食食品,：快餐食品
1002,三明治(夹火腿、干酪),：速食食品,：快餐食品
1003,三明治(夹鸡蛋、干酪),：速食食品,：快餐食品
1004,三明治(夹鸡肉片，无调料酱),：速食食品,：快餐食品
1005,三明治(夹烤牛肉片),：速食食品,：快餐食品
1006,三明治(夹鱼肉片),：速食食品,：快餐食品
1007,干酪汉堡包(夹熏肉，加调料酱),：速食食品,：快餐食品
1008,干酪汉堡包(普通型，夹单层肉饼，无调料酱),：速食食品,：快餐食品
1009,干酪汉堡包(普通型，夹奶酪、单层肉饼，加调料酱),：速食食品,：快餐食品
1010,干酪汉堡包(普通型，夹奶酪、单层肉饼，加调料酱和蔬菜),：速食食品,：快餐食品
1011,干酪汉堡包(普通型，夹奶酪、双层肉饼、双层面包，加调料酱和蔬菜),：速食食品,：快餐食品
1012,汉堡包(普通型，夹肉饼，加调料酱和蔬菜),：速食食品,：快餐食品
1013,热狗(原味),：速食食品,：快餐食品
1014,麦片,：速食食品,：方便食品
1015,燕麦片,：速食食品,：方便食品
1016,玉米片(即食粥),：速食食品,：方便食品
1017,早餐奶,：速食食品,：方便食品
1018,八宝粥(康师傅牌),：实粒派桂圆八宝粥,食食品
1019,八宝粥(亲亲牌),：速食食品,：方便食品
1020,八宝粥(同茂牌),：燕窝八宝粥,食食品
1021,八宝粥(娃哈哈牌),：桂圆莲子营养八宝粥,食食品
1022,八宝粥(无糖，娃哈哈牌),：无糖营养八宝粥,食食品
1023,八宝粥(椰树牌),：天然八宝粥,食食品
1024,黑芝麻糊粉,：速食食品,：方便食品
1025,麦片,：速食食品,：方便食品
1026,麦片(原味香奶),：速食食品,：方便食品
1027,燕麦片,：速食食品,：方便食品
1028,燕麦片(果仁、甜),：速食食品,：方便食品
1029,苦荞麦片(无糖),：速食食品,：方便食品
1030,玉米片,：速食食品,：方便食品
1031,玉米片(低钠),：速食食品,：方便食品
1032,方便面,：速食食品,：方便食品
1033,干脆面(鸡汁味),：速食食品,：方便食品
1034,海鲜味方便面(含调味料),：劲拉面海鲜珍锅煮面。,食食品
1035,海鲜味方便面面饼,：速食食品,：方便食品
1036,海鲜方便面调味料,：速食食品,：方便食品
1037,红烧牛肉方便面(含调味料),：珍品红烧牛肉面。,食食品
1038,红烧牛肉方便面面饼,：速食食品,：方便食品
1039,红烧牛肉方便面调味料,：速食食品,：方便食品
1040,鳕鱼方便面(含调味料),：料珍多极品鳕鱼面。,食食品
1041,鳕鱼方便面面饼,：速食食品,：方便食品
1042,鳕鱼方便面调味料,：速食食品,：方便食品
1043,铁板牛肉炒面(含调味料),：新面族炒面套餐铁板牛肉配翡翠芙蓉汤。,食食品
1044,铁板牛肉炒面面饼,：速食食品,：方便食品
1045,铁板牛肉炒面调味料,：速食食品,：方便食品
1046,玉米红烧牛肉味方便面(含调味料),：玉米红烧牛肉面。,食食品
1047,玉米红烧牛肉味方便面面饼,：速食食品,：方便食品
1048,玉米红烧牛肉味方便面调味料,：速食食品,：方便食品
1049,海鲜鸡汁味米线(含调味料),：快餐米线230（海鲜鸡汁）。,食食品
1050,海鲜鸡汁味米线面饼,：速食食品,：方便食品
1051,海鲜鸡汁味米线调味料,：速食食品,：方便食品
1052,冬菜虾仁馄饨,：速食食品,：方便食品
1053,韭菜合子,：速食食品,：方便食品
1054,糯米饭团,：速食食品,：方便食品
1055,什锦炒饭,：速食食品,：方便食品
1056,虾仁炒饭,：速食食品,：方便食品
1057,面包(均值),：速食食品,：方便食品
1058,法式牛角面包,：速食食品,：方便食品
1059,果料面包,：速食食品,：方便食品
1060,黄油面包,：速食食品,：方便食品
1061,维生素面包,：速食食品,：方便食品
1062,葡萄干面包,：速食食品,：方便食品
1063,饼干(均值),：速食食品,：方便食品
1064,苏打饼干,：速食食品,：方便食品
1065,饼干(三明治),：速食食品,：方便食品
1066,饼干(夹心),：速食食品,：方便食品
1067,饼干(甜酥夹心),：甜酥夹心莱姆柠檬饼干。,食食品
1068,饼干(苏打夹心),：速食食品,：方便食品
1069,曲奇饼(加奶油),：速食食品,：方便食品
1070,水饺(三鲜馅),：速食食品,：方便食品
1071,水饺(猪肉白菜馅),：速食食品,：方便食品
1072,水饺(猪肉韭菜馅),：速食食品,：方便食品
1073,水饺(猪肉芹菜馅),：速食食品,：方便食品
1074,水饺(猪肉茴香馅),：速食食品,：方便食品
1075,水饺(猪肉香菇馅),：速食食品,：方便食品
1076,水饺(猪肉虾仁馅),：速食食品,：方便食品
1077,水饺(鸡肉蘑菇馅),：速食食品,：方便食品
1078,水饺(海鳗猪肉馅),：速食食品,：方便食品
1079,水饺(海鳗虾仁馅),：速食食品,：方便食品
1080,包子(猪肉馅),：速食食品,：方便食品
1081,雪米饼,：速食食品,：休闲食品
1082,蛋酥卷,：速食食品,：休闲食品
1083,巧克力派,：速食食品,：休闲食品
1084,法式卷饼,：速食食品,：休闲食品
1085,立体脆,：速食食品,：休闲食品
1086,粟米脆,：速食食品,：休闲食品
1087,通心脆,：速食食品,：休闲食品
1088,洋葱圈,：速食食品,：休闲食品
1089,虾片,：速食食品,：休闲食品
1090,锅巴(豆香),：速食食品,：休闲食品
1091,锅巴(小米),：速食食品,：休闲食品
1092,海苔,：速食食品,：休闲食品
1093,香菇片,：速食食品,：休闲食品
1094,薯片(烧烤味),：速食食品,：休闲食品
1095,薯片(香辣味),：速食食品,：休闲食品
1096,薯圈,：速食食品,：休闲食品
1097,怪味胡豆,：速食食品,：休闲食品
1098,奶油五香豆,：速食食品,：休闲食品
1099,夹心米果,：速食食品,：休闲食品
1100,乐芙球,：速食食品,：休闲食品
1101,玉米花,：速食食品,：休闲食品
1102,果仁脆枣,：速食食品,：休闲食品
1103,空心脆枣,：速食食品,：休闲食品
1104,果冻(草莓水果冻),：速食食品,：休闲食品
1105,果冻(蒟蒻冻),：速食食品,：休闲食品
1106,果冻(蒟蒻椰果冻),：速食食品,：休闲食品
1107,果冻(AD钙果冻),：速食食品,：休闲食品
1108,可口可乐,：饮料类,：碳酸饮料
1109,菠萝汁饮料(大湖牌),：饮料类,：果汁及果汁饮料
1110,苹果汁饮料(光明牌),：饮料类,：果汁及果汁饮料
1111,橙汁饮料(茹梦牌),：饮料类,：果汁及果汁饮料
1112,橙汁饮料(汇源牌),：饮料类,：果汁及果汁饮料
1113,山楂果肉饮料,：饮料类,：果汁及果汁饮料
1114,酸枣果汁饮料,：饮料类,：果汁及果汁饮料
1115,西番莲汁饮料,：饮料类,：果汁及果汁饮料
1116,西柚汁饮料,：饮料类,：果汁及果汁饮料
1117,椰子汁饮料,：饮料类,：果汁及果汁饮料
1118,杏仁椰汁饮料,：饮料类,：果汁及果汁饮料
1119,胡萝卜汁饮料,：饮料类,：蔬菜汁饮料
1120,AD钙奶,：饮料类,：含乳饮料
1121,健康快车奶饮料,：饮料类,：含乳饮料
1122,酸乳饮料(发酵),：饮料类,：含乳饮料
1123,核桃乳(儿童型),：饮料类,：植物蛋白饮料
1124,核桃乳(女性型),：饮料类,：植物蛋白饮料
1125,核桃乳(中老年型),：饮料类,：植物蛋白饮料
1126,核桃乳(佐餐调和型),：饮料类,：植物蛋白饮料
1127,杏仁露,：饮料类,：植物蛋白饮料
1128,可可粉,：饮料类,：固体饮料
1129,麦乳精,：饮料类,：固体饮料
1130,高乐高营养饮品,：饮料类,：固体饮料
1131,果珍,：饮料类,：固体饮料
1132,柠檬茶,：饮料类,：固体饮料
1133,冰棍,：饮料类,：棒冰、冰淇凌类
1134,冰淇淋,：饮料类,：棒冰、冰淇凌类
1135,冰淇淋(草莓味),：饮料类,：棒冰、冰淇凌类
1136,冰淇淋(苦咖啡味),：饮料类,：棒冰、冰淇凌类
1137,冰淇淋(加奶油),：饮料类,：棒冰、冰淇凌类
1138,冰淇淋(草莓圣代),：饮料类,：棒冰、冰淇凌类
1139,冰淇淋(巧克力圣代),：饮料类,：棒冰、冰淇凌类
1140,冰淇淋(脆皮甜筒),：饮料类,：棒冰、冰淇凌类
1141,冰淇淋(花心筒),：饮料类,：棒冰、冰淇凌类
1142,冰淇淋(金白合),：饮料类,：棒冰、冰淇凌类
1143,雪糕(百乐宝),：百乐宝小牛奶。,料类
1144,雪糕(红豆缘),：饮料类,：棒冰、冰淇凌类
1145,棒冰(可乐冰),：饮料类,：棒冰、冰淇凌类
1146,棒冰(七彩旋),：饮料类,：棒冰、冰淇凌类
1147,啤酒(均值),：含酒精饮料,：发酵酒
1148,啤酒(4.3％，青岛牌),：含酒精饮料,：发酵酒
1149,啤酒(4％，燕京牌),：含酒精饮料,：发酵酒
1150,啤酒(5.1％，生力牌),：含酒精饮料,：发酵酒
1151,葡萄酒(均值),：含酒精饮料,：发酵酒
1152,白葡萄酒,：含酒精饮料,：发酵酒
1153,红葡萄酒,：含酒精饮料,：发酵酒
1154,葡萄酒(干白，11％，长城牌),：含酒精饮料,：发酵酒
1155,葡萄酒(干白，12％，张裕牌),：含酒精饮料,：发酵酒
1156,葡萄酒(半干白，11.5％，王朝牌),：含酒精饮料,：发酵酒
1157,葡萄酒(干红，11.5％，长城牌),：含酒精饮料,：发酵酒
1158,葡萄酒(干红，11.5％，王朝牌),：含酒精饮料,：发酵酒
1159,葡萄酒(干红，12％，张裕牌),：含酒精饮料,：发酵酒
1160,黑加仑酒(8％),：含酒精饮料,：发酵酒
1161,雪利酒,：含酒精饮料,：发酵酒
1162,黄酒,：含酒精饮料,：发酵酒
1163,加饭黄酒,：含酒精饮料,：发酵酒
1164,江米酒,：含酒精饮料,：发酵酒
1165,绍兴黄酒(15度),：含酒精饮料,：发酵酒
1166,花雕酒(16.5％),：含酒精饮料,：发酵酒
1167,二锅头(58度),：含酒精饮料,：蒸馏酒
1168,曲酒(55度),：含酒精饮料,：蒸馏酒
1169,董酒(浓香型，46％),：含酒精饮料,：蒸馏酒
1170,二锅头(56%),：含酒精饮料,：蒸馏酒
1171,汾酒(清香型，53％),：含酒精饮料,：蒸馏酒
1172,古井贡酒(浓香型，38％),：含酒精饮料,：蒸馏酒
1173,剑南春(52％),：含酒精饮料,：蒸馏酒
1174,剑南春(浓香型，38％),：含酒精饮料,：蒸馏酒
1175,京酒(浓香型，38％),：含酒精饮料,：蒸馏酒
1176,茅台酒(53％),：含酒精饮料,：蒸馏酒
1177,五粮液(52％),：含酒精饮料,：蒸馏酒
1178,竹叶青酒(45％),：含酒精饮料,：蒸馏酒
1179,金奖白兰地(38％),：含酒精饮料,：蒸馏酒
1180,伏特加,：含酒精饮料,：蒸馏酒
1181,威士忌,：含酒精饮料,：蒸馏酒
1182,苹果酒(干型),：含酒精饮料,：露酒（配制酒）
1183,苹果酒(甜),：含酒精饮料,：露酒（配制酒）
1184,果汁朗姆酒(9.9%),：含酒精饮料,：露酒（配制酒）
1185,鸡尾酒,：含酒精饮料,：露酒（配制酒）
1186,马提尼酒(32%),：含酒精饮料,：露酒（配制酒）
1187,曼哈顿酒(30.6%),：含酒精饮料,：露酒（配制酒）
1188,酸味威士忌(16.8%),：含酒精饮料,：露酒（配制酒）
1189,糖（白砂糖）,：糖、果脯和蜜饯、蜂蜜,：糖
1190,糖（绵白糖）,：糖、果脯和蜜饯、蜂蜜,：糖
1191,糖（冰糖）,：糖、果脯和蜜饯、蜂蜜,：糖
1192,糖（红糖）,：糖、果脯和蜜饯、蜂蜜,：糖
1193,花生牛轧糖,：糖、果脯和蜜饯、蜂蜜,：糖果
1194,奶糖,：糖、果脯和蜜饯、蜂蜜,：糖果
1195,巧克力,：糖、果脯和蜜饯、蜂蜜,：糖果
1196,巧克力(维夫)[朱古力威化],：糖、果脯和蜜饯、蜂蜜,：糖果
1197,酥糖,：糖、果脯和蜜饯、蜂蜜,：糖果
1198,酸三色糖,：糖、果脯和蜜饯、蜂蜜,：糖果
1199,夹心糖,：糖、果脯和蜜饯、蜂蜜,：糖果
1200,水果味软糖,：糖、果脯和蜜饯、蜂蜜,：糖果
1201,牛奶糖,：糖、果脯和蜜饯、蜂蜜,：糖果
1202,酸奶软糖,：糖、果脯和蜜饯、蜂蜜,：糖果
1203,太妃糖,：糖、果脯和蜜饯、蜂蜜,：糖果
1204,巧克力(充气),：糖、果脯和蜜饯、蜂蜜,：糖果
1205,巧克力(果仁),：糖、果脯和蜜饯、蜂蜜,：糖果
1206,巧克力(黑),：糖、果脯和蜜饯、蜂蜜,：糖果
1207,巧克力(牛奶),：糖、果脯和蜜饯、蜂蜜,：糖果
1208,海棠脯,：糖、果脯和蜜饯、蜂蜜,：果脯和蜜饯
1209,李广杏脯,：糖、果脯和蜜饯、蜂蜜,：果脯和蜜饯
1210,苹果脯,：糖、果脯和蜜饯、蜂蜜,：果脯和蜜饯
1211,桃脯,：糖、果脯和蜜饯、蜂蜜,：果脯和蜜饯
1212,杏脯,：糖、果脯和蜜饯、蜂蜜,：果脯和蜜饯
1213,金糕条[山楂条],：糖、果脯和蜜饯、蜂蜜,：果脯和蜜饯
1214,山楂果丹皮,：糖、果脯和蜜饯、蜂蜜,：果脯和蜜饯
1215,冰糖酸角,：糖、果脯和蜜饯、蜂蜜,：果脯和蜜饯
1216,甘草杏,：糖、果脯和蜜饯、蜂蜜,：果脯和蜜饯
1217,清凉杏肉,：糖、果脯和蜜饯、蜂蜜,：果脯和蜜饯
1218,雪梅,：糖、果脯和蜜饯、蜂蜜,：果脯和蜜饯
1219,九制梅肉,：糖、果脯和蜜饯、蜂蜜,：果脯和蜜饯
1220,九制西梅,：糖、果脯和蜜饯、蜂蜜,：果脯和蜜饯
1221,九制应子,：糖、果脯和蜜饯、蜂蜜,：果脯和蜜饯
1222,梅脯,：糖、果脯和蜜饯、蜂蜜,：果脯和蜜饯
1223,阿胶枣,：糖、果脯和蜜饯、蜂蜜,：果脯和蜜饯
1224,黑贡枣,：糖、果脯和蜜饯、蜂蜜,：果脯和蜜饯
1225,多味山楂,：糖、果脯和蜜饯、蜂蜜,：果脯和蜜饯
1226,山楂脯,：糖、果脯和蜜饯、蜂蜜,：果脯和蜜饯
1227,地瓜干,：小地瓜,、果脯和蜜饯、蜂蜜
1228,蜂蜜,：糖、果脯和蜜饯、蜂蜜,：蜂蜜
1229,蜂蜜(槐花),：糖、果脯和蜜饯、蜂蜜,：蜂蜜
1230,蜂蜜(天麻),：糖、果脯和蜜饯、蜂蜜,：蜂蜜
1231,蜂蜜(硬蜜),：糖、果脯和蜜饯、蜂蜜,：蜂蜜
1232,蜂蜜(油菜花),：糖、果脯和蜜饯、蜂蜜,：蜂蜜
1233,牛油,：油脂类,：动物油脂
1234,羊油,：油脂类,：动物油脂
1235,猪油(炼),：油脂类,：动物油脂
1236,油（菜籽油)[青油],：油脂类,：植物油
1237,油（茶油),：油脂类,：植物油
1238,豆油,：油脂类,：植物油
1239,油（红花油),：油脂类,：植物油
1240,油（胡麻油),：油脂类,：植物油
1241,花生油,：油脂类,：植物油
1242,葵花籽油,：油脂类,：植物油
1243,油（辣椒油),：油脂类,：植物油
1244,油（麦芽油),：油脂类,：植物油
1245,油（棉籽油),：油脂类,：植物油
1246,色拉油,：油脂类,：植物油
1247,油（椰子油),：油脂类,：植物油
1248,玉米油,：油脂类,：植物油
1249,芝麻油[香油],：油脂类,：植物油
1250,油（棕榈油),：油脂类,：植物油
1251,油（橄榄油),：油脂类,：植物油
1252,核桃油,：油脂类,：植物油
1253,栗米油[玉米胚芽油],：油脂类,：植物油
1254,米糠油,：油脂类,：植物油
1255,油茶籽油,：油脂类,：植物油
1256,芝麻油[香油],：油脂类,：植物油
1257,大豆色拉油,：油脂类,：植物油
1258,色拉油,：油脂类,：植物油
1259,酱油(均值),：调味品类,：酱油
1260,黄豆酱油,：调味品类,：酱油
1261,醋(均值),：调味品类,：醋
1262,白醋,：调味品类,：醋
1263,陈醋,：调味品类,：醋
1264,豆瓣酱,：调味品类,：酱
1265,花生酱,：调味品类,：酱
1266,黄酱[大酱],：调味品类,：酱
1267,辣椒酱[辣椒糊],：调味品类,：酱
1268,甜面酱,：调味品类,：酱
1269,芝麻酱,：调味品类,：酱
1270,郫县辣酱,：调味品类,：酱
1271,海鲜酱(阿香婆),：调味品类,：酱
1272,牛肉酱(阿香婆),：调味品类,：酱
1273,花生酱,：调味品类,：酱
1274,花生酱(加巧克力),：调味品类,：酱
1275,芝麻酱,：调味品类,：酱
1276,千岛沙拉酱,：调味品类,：酱
1277,沙拉酱,：调味品类,：酱
1278,奶油攀司,：调味品类,：酱
1279,草莓酱,：调味品类,：酱
1280,番茄酱,：调味品类,：酱
1281,苹果酱,：调味品类,：酱
1282,桃酱,：调味品类,：酱
1283,杏酱,：调味品类,：酱
1284,草莓酱,：调味品类,：酱
1285,番茄沙司,：调味品类,：酱
1286,腐乳(白)[酱豆腐],：调味品类,：腐乳
1287,腐乳(臭)[臭豆腐],：调味品类,：腐乳
1288,腐乳(红)[酱豆腐],：调味品类,：腐乳
1289,腐乳(香辣味),：调味品类,：腐乳
1290,腐乳[酱豆腐](白，王致和牌),：调味品类,：腐乳
1291,萝卜干,：调味品类,：咸菜类
1292,榨菜,：调味品类,：咸菜类
1293,蕨菜(腌),：调味品类,：咸菜类
1294,腌雪里红,：调味品类,：咸菜类
1295,剁辣椒,：调味品类,：咸菜类
1296,酱八宝菜,：调味品类,：咸菜类
1297,麻仁金丝,：调味品类,：咸菜类
1298,腌大头菜,：调味品类,：咸菜类
1299,腌芥菜头,：调味品类,：咸菜类
1300,腌韭菜花,：调味品类,：咸菜类
1301,腌萝卜条,：调味品类,：咸菜类
1302,榨菜(鱼泉牌),：调味品类,：咸菜类
1303,榨菜(正林牌),：调味品类,：咸菜类
1304,胡椒粉,：调味品类,：辛香料
1305,五香粉,：调味品类,：辛香料
1306,精盐,：调味品类,：盐、味精及其它
1307,味精,：调味品类,：盐、味精及其它
1308,鸡精,：调味品类,：盐、味精及其它
1309,酵母(鲜),：调味品类,：盐、味精及其它
1310,酵母(干),：调味品类,：盐、味精及其它
1311,料酒,：料酒王,味品类
1312,枸杞子,：其它,：
1313,五香豆豉,：调味品类,：酱
1314,包子(三鲜馅),：速食食品,：方便食品
1315,酥香兰花豆,：速食食品,：休闲食品
1316,酱排骨,：无锡酱排骨。,肉类及制品
1317,橙汁饮料(光明牌),：饮料类,：果汁及果汁饮料
1318,橙汁饮料(三得利牌),：饮料类,：果汁及果汁饮料
1319,荔枝(干),：水果类及制品,：热带、亚热带水果
1320,黄麻叶(鲜),：蔬菜类及制品,：野生蔬菜类
1321,咖喱粉,：调味品类,：辛香料
1322,老抽,：金标老抽。,味品类
1323,鸡蛋黄粉,：蛋类及制品,：鸡蛋
1324,花椒,：调味品类,：辛香料
1325,咖啡豆,：饮料类,：固体饮料
1326,咖啡粉,：饮料类,：固体饮料
1327,鱼排,：鱼虾蟹贝类,：鱼
1328,崇明老白酒,：含酒精饮料,：蒸馏酒
1329,低度汉酒(37.2度),：含酒精饮料,：蒸馏酒
1330,甘州大曲,：含酒精饮料,：蒸馏酒
1331,汉口白酒(49.6度),：含酒精饮料,：蒸馏酒
1332,汉口小麦酒(40.7度),：含酒精饮料,：蒸馏酒
1333,黄鹤楼酒(39度),：含酒精饮料,：蒸馏酒
1334,精制小麦酒,：含酒精饮料,：蒸馏酒
1335,景泰大曲,：含酒精饮料,：蒸馏酒
1336,景泰二曲,：含酒精饮料,：蒸馏酒
1337,酒泉酒,：含酒精饮料,：蒸馏酒
1338,凉洲曲酒,：含酒精饮料,：蒸馏酒
1339,宁河大曲,：含酒精饮料,：蒸馏酒
1340,宁河二曲,：含酒精饮料,：蒸馏酒
1341,三粮小麦(55度),：含酒精饮料,：蒸馏酒
1342,丝路春酒,：含酒精饮料,：蒸馏酒
1343,特制汉酒(59.9度),：含酒精饮料,：蒸馏酒
1344,特制三粮酒(56.2度),：含酒精饮料,：蒸馏酒
1345,乌林春酒(青稞酒),：含酒精饮料,：蒸馏酒
1346,五酿春(44.4度),：含酒精饮料,：蒸馏酒
1347,小麦酒(48度),：含酒精饮料,：蒸馏酒
1348,小麦酒(50度),：含酒精饮料,：蒸馏酒
1349,燕岭春(57度),：含酒精饮料,：蒸馏酒
1350,醉流霞(57度),：含酒精饮料,：蒸馏酒
1351,甘蔗汁,：饮料类,：果汁及果汁饮料
1352,生抽,：上等生抽。,味品类
1353,酸梅晶,：饮料类,：固体饮料
1354,菊花[怀菊花],：其它,：
1355,茶（绿茶）,：饮料类,：茶叶及茶饮料
